,PassengerId,Pclass,Sex,SibSp,Ticket,Cabin
0,1,3,male,1,A/5 21171,
1,2,1,female,1,PC 17599,C85
2,3,3,female,0,STON/O2. 3101282,
3,4,1,female,1,113803,C123
4,5,3,male,0,373450,
5,6,3,male,0,330877,
6,7,1,male,0,17463,E46
7,8,3,male,3,349909,
8,9,3,female,0,347742,
9,10,2,female,1,237736,
10,11,3,female,1,PP 9549,G6
11,12,1,female,0,113783,C103
12,13,3,male,0,A/5. 2151,
13,14,3,male,1,347082,
14,15,3,female,0,350406,
15,16,2,female,0,248706,
16,17,3,male,4,382652,
17,18,2,male,0,244373,
18,19,3,female,1,345763,
19,20,3,female,0,2649,
20,21,2,male,0,239865,
21,22,2,male,0,248698,D56
22,23,3,female,0,330923,
23,24,1,male,0,113788,A6
24,25,3,female,3,349909,
25,26,3,female,1,347077,
26,27,3,male,0,2631,
27,28,1,male,3,19950,C23 C25 C27
28,29,3,female,0,330959,
29,30,3,male,0,349216,
30,31,1,male,0,PC 17601,
31,32,1,female,1,PC 17569,B78
32,33,3,female,0,335677,
33,34,2,male,0,C.A. 24579,
34,35,1,male,1,PC 17604,
35,36,1,male,1,113789,
36,37,3,male,0,2677,
37,38,3,male,0,A./5. 2152,
38,39,3,female,2,345764,
39,40,3,female,1,2651,
40,41,3,female,1,7546,
41,42,2,female,1,11668,
42,43,3,male,0,349253,
43,44,2,female,1,SC/Paris 2123,
44,45,3,female,0,330958,
45,46,3,male,0,S.C./A.4. 23567,
46,47,3,male,1,370371,
47,48,3,female,0,14311,
48,49,3,male,2,2662,
49,50,3,female,1,349237,
50,51,3,male,4,3101295,
51,52,3,male,0,A/4. 39886,
52,53,1,female,1,PC 17572,D33
53,54,2,female,1,2926,
54,55,1,male,0,113509,B30
55,56,1,male,0,19947,C52
56,57,2,female,0,C.A. 31026,
57,58,3,male,0,2697,
58,59,2,female,1,C.A. 34651,
59,60,3,male,5,CA 2144,
60,61,3,male,0,2669,
61,62,1,female,0,113572,B28
62,63,1,male,1,36973,C83
63,64,3,male,3,347088,
64,65,1,male,0,PC 17605,
65,66,3,male,1,2661,
66,67,2,female,0,C.A. 29395,F33
67,68,3,male,0,S.P. 3464,
68,69,3,female,4,3101281,
69,70,3,male,2,315151,
70,71,2,male,0,C.A. 33111,
71,72,3,female,5,CA 2144,
72,73,2,male,0,S.O.C. 14879,
73,74,3,male,1,2680,
74,75,3,male,0,1601,
75,76,3,male,0,348123,F G73
76,77,3,male,0,349208,
77,78,3,male,0,374746,
78,79,2,male,0,248738,
79,80,3,female,0,364516,
80,81,3,male,0,345767,
81,82,3,male,0,345779,
82,83,3,female,0,330932,
83,84,1,male,0,113059,
84,85,2,female,0,SO/C 14885,
85,86,3,female,3,3101278,
86,87,3,male,1,W./C. 6608,
87,88,3,male,0,SOTON/OQ 392086,
88,89,1,female,3,19950,C23 C25 C27
89,90,3,male,0,343275,
90,91,3,male,0,343276,
91,92,3,male,0,347466,
92,93,1,male,1,W.E.P. 5734,E31
93,94,3,male,1,C.A. 2315,
94,95,3,male,0,364500,
95,96,3,male,0,374910,
96,97,1,male,0,PC 17754,A5
97,98,1,male,0,PC 17759,D10 D12
98,99,2,female,0,231919,
99,100,2,male,1,244367,
100,101,3,female,0,349245,
101,102,3,male,0,349215,
102,103,1,male,0,35281,D26
103,104,3,male,0,7540,
104,105,3,male,2,3101276,
105,106,3,male,0,349207,
106,107,3,female,0,343120,
107,108,3,male,0,312991,
108,109,3,male,0,349249,
109,110,3,female,1,371110,
110,111,1,male,0,110465,C110
111,112,3,female,1,2665,
112,113,3,male,0,324669,
113,114,3,female,1,4136,
114,115,3,female,0,2627,
115,116,3,male,0,STON/O 2. 3101294,
116,117,3,male,0,370369,
117,118,2,male,1,11668,
118,119,1,male,0,PC 17558,B58 B60
119,120,3,female,4,347082,
120,121,2,male,2,S.O.C. 14879,
121,122,3,male,0,A4. 54510,
122,123,2,male,1,237736,
123,124,2,female,0,27267,E101
124,125,1,male,0,35281,D26
125,126,3,male,1,2651,
126,127,3,male,0,370372,
127,128,3,male,0,C 17369,
128,129,3,female,1,2668,F E69
129,130,3,male,0,347061,
130,131,3,male,0,349241,
131,132,3,male,0,SOTON/O.Q. 3101307,
132,133,3,female,1,A/5. 3337,
133,134,2,female,1,228414,
134,135,2,male,0,C.A. 29178,
135,136,2,male,0,SC/PARIS 2133,
136,137,1,female,0,11752,D47
137,138,1,male,1,113803,C123
138,139,3,male,0,7534,
139,140,1,male,0,PC 17593,B86
140,141,3,female,0,2678,
141,142,3,female,0,347081,
142,143,3,female,1,STON/O2. 3101279,
143,144,3,male,0,365222,
144,145,2,male,0,231945,
145,146,2,male,1,C.A. 33112,
146,147,3,male,0,350043,
147,148,3,female,2,W./C. 6608,
148,149,2,male,0,230080,F2
149,150,2,male,0,244310,
150,151,2,male,0,S.O.P. 1166,
151,152,1,female,1,113776,C2
152,153,3,male,0,A.5. 11206,
153,154,3,male,0,A/5. 851,
154,155,3,male,0,Fa 265302,
155,156,1,male,0,PC 17597,
156,157,3,female,0,35851,
157,158,3,male,0,SOTON/OQ 392090,
158,159,3,male,0,315037,
159,160,3,male,8,CA. 2343,
160,161,3,male,0,371362,
161,162,2,female,0,C.A. 33595,
162,163,3,male,0,347068,
163,164,3,male,0,315093,
164,165,3,male,4,3101295,
165,166,3,male,0,363291,
166,167,1,female,0,113505,E33
167,168,3,female,1,347088,
168,169,1,male,0,PC 17318,
169,170,3,male,0,1601,
170,171,1,male,0,111240,B19
171,172,3,male,4,382652,
172,173,3,female,1,347742,
173,174,3,male,0,STON/O 2. 3101280,
174,175,1,male,0,17764,A7
175,176,3,male,1,350404,
176,177,3,male,3,4133,
177,178,1,female,0,PC 17595,C49
178,179,2,male,0,250653,
179,180,3,male,0,LINE,
180,181,3,female,8,CA. 2343,
181,182,2,male,0,SC/PARIS 2131,
182,183,3,male,4,347077,
183,184,2,male,2,230136,F4
184,185,3,female,0,315153,
185,186,1,male,0,113767,A32
186,187,3,female,1,370365,
187,188,1,male,0,111428,
188,189,3,male,1,364849,
189,190,3,male,0,349247,
190,191,2,female,0,234604,
191,192,2,male,0,28424,
192,193,3,female,1,350046,
193,194,2,male,1,230080,F2
194,195,1,female,0,PC 17610,B4
195,196,1,female,0,PC 17569,B80
196,197,3,male,0,368703,
197,198,3,male,0,4579,
198,199,3,female,0,370370,
199,200,2,female,0,248747,
200,201,3,male,0,345770,
201,202,3,male,8,CA. 2343,
202,203,3,male,0,3101264,
203,204,3,male,0,2628,
204,205,3,male,0,A/5 3540,
205,206,3,female,0,347054,G6
206,207,3,male,1,3101278,
207,208,3,male,0,2699,
208,209,3,female,0,367231,
209,210,1,male,0,112277,A31
210,211,3,male,0,SOTON/O.Q. 3101311,
211,212,2,female,0,F.C.C. 13528,
212,213,3,male,0,A/5 21174,
213,214,2,male,0,250646,
214,215,3,male,1,367229,
215,216,1,female,1,35273,D36
216,217,3,female,0,STON/O2. 3101283,
217,218,2,male,1,243847,
218,219,1,female,0,11813,D15
219,220,2,male,0,W/C 14208,
220,221,3,male,0,SOTON/OQ 392089,
221,222,2,male,0,220367,
222,223,3,male,0,21440,
223,224,3,male,0,349234,
224,225,1,male,1,19943,C93
225,226,3,male,0,PP 4348,
226,227,2,male,0,SW/PP 751,
227,228,3,male,0,A/5 21173,
228,229,2,male,0,236171,
229,230,3,female,3,4133,
230,231,1,female,1,36973,C83
231,232,3,male,0,347067,
232,233,2,male,0,237442,
233,234,3,female,4,347077,
234,235,2,male,0,C.A. 29566,
235,236,3,female,0,W./C. 6609,
236,237,2,male,1,26707,
237,238,2,female,0,C.A. 31921,
238,239,2,male,0,28665,
239,240,2,male,0,SCO/W 1585,
240,241,3,female,1,2665,
241,242,3,female,1,367230,
242,243,2,male,0,W./C. 14263,
243,244,3,male,0,STON/O 2. 3101275,
244,245,3,male,0,2694,
245,246,1,male,2,19928,C78
246,247,3,female,0,347071,
247,248,2,female,0,250649,
248,249,1,male,1,11751,D35
249,250,2,male,1,244252,
250,251,3,male,0,362316,
251,252,3,female,1,347054,G6
252,253,1,male,0,113514,C87
253,254,3,male,1,A/5. 3336,
254,255,3,female,0,370129,
255,256,3,female,0,2650,
256,257,1,female,0,PC 17585,
257,258,1,female,0,110152,B77
258,259,1,female,0,PC 17755,
259,260,2,female,0,230433,
260,261,3,male,0,384461,
261,262,3,male,4,347077,
262,263,1,male,1,110413,E67
263,264,1,male,0,112059,B94
264,265,3,female,0,382649,
265,266,2,male,0,C.A. 17248,
266,267,3,male,4,3101295,
267,268,3,male,1,347083,
268,269,1,female,0,PC 17582,C125
269,270,1,female,0,PC 17760,C99
270,271,1,male,0,113798,
271,272,3,male,0,LINE,
272,273,2,female,0,250644,
273,274,1,male,0,PC 17596,C118
274,275,3,female,0,370375,
275,276,1,female,1,13502,D7
276,277,3,female,0,347073,
277,278,2,male,0,239853,
278,279,3,male,4,382652,
279,280,3,female,1,C.A. 2673,
280,281,3,male,0,336439,
281,282,3,male,0,347464,
282,283,3,male,0,345778,
283,284,3,male,0,A/5. 10482,
284,285,1,male,0,113056,A19
285,286,3,male,0,349239,
286,287,3,male,0,345774,
287,288,3,male,0,349206,
288,289,2,male,0,237798,
289,290,3,female,0,370373,
290,291,1,female,0,19877,
291,292,1,female,1,11967,B49
292,293,2,male,0,SC/Paris 2163,D
293,294,3,female,0,349236,
294,295,3,male,0,349233,
295,296,1,male,0,PC 17612,
296,297,3,male,0,2693,
297,298,1,female,1,113781,C22 C26
298,299,1,male,0,19988,C106
299,300,1,female,0,PC 17558,B58 B60
300,301,3,female,0,9234,
301,302,3,male,2,367226,
302,303,3,male,0,LINE,
303,304,2,female,0,226593,E101
304,305,3,male,0,A/5 2466,
305,306,1,male,1,113781,C22 C26
306,307,1,female,0,17421,
307,308,1,female,1,PC 17758,C65
308,309,2,male,1,P/PP 3381,
309,310,1,female,0,PC 17485,E36
310,311,1,female,0,11767,C54
311,312,1,female,2,PC 17608,B57 B59 B63 B66
312,313,2,female,1,250651,
313,314,3,male,0,349243,
314,315,2,male,1,F.C.C. 13529,
315,316,3,female,0,347470,
316,317,2,female,1,244367,
317,318,2,male,0,29011,
318,319,1,female,0,36928,C7
319,320,1,female,1,16966,E34
320,321,3,male,0,A/5 21172,
321,322,3,male,0,349219,
322,323,2,female,0,234818,
323,324,2,female,1,248738,
324,325,3,male,8,CA. 2343,
325,326,1,female,0,PC 17760,C32
326,327,3,male,0,345364,
327,328,2,female,0,28551,D
328,329,3,female,1,363291,
329,330,1,female,0,111361,B18
330,331,3,female,2,367226,
331,332,1,male,0,113043,C124
332,333,1,male,0,PC 17582,C91
333,334,3,male,2,345764,
334,335,1,female,1,PC 17611,
335,336,3,male,0,349225,
336,337,1,male,1,113776,C2
337,338,1,female,0,16966,E40
338,339,3,male,0,7598,
339,340,1,male,0,113784,T
340,341,2,male,1,230080,F2
341,342,1,female,3,19950,C23 C25 C27
342,343,2,male,0,248740,
343,344,2,male,0,244361,
344,345,2,male,0,229236,
345,346,2,female,0,248733,F33
346,347,2,female,0,31418,
347,348,3,female,1,386525,
348,349,3,male,1,C.A. 37671,
349,350,3,male,0,315088,
350,351,3,male,0,7267,
351,352,1,male,0,113510,C128
352,353,3,male,1,2695,
353,354,3,male,1,349237,
354,355,3,male,0,2647,
355,356,3,male,0,345783,
356,357,1,female,0,113505,E33
357,358,2,female,0,237671,
358,359,3,female,0,330931,
359,360,3,female,0,330980,
360,361,3,male,1,347088,
361,362,2,male,1,SC/PARIS 2167,
362,363,3,female,0,2691,
363,364,3,male,0,SOTON/O.Q. 3101310,
364,365,3,male,1,370365,
365,366,3,male,0,C 7076,
366,367,1,female,1,110813,D37
367,368,3,female,0,2626,
368,369,3,female,0,14313,
369,370,1,female,0,PC 17477,B35
370,371,1,male,1,11765,E50
371,372,3,male,1,3101267,
372,373,3,male,0,323951,
373,374,1,male,0,PC 17760,
374,375,3,female,3,349909,
375,376,1,female,1,PC 17604,
376,377,3,female,0,C 7077,
377,378,1,male,0,113503,C82
378,379,3,male,0,2648,
379,380,3,male,0,347069,
380,381,1,female,0,PC 17757,
381,382,3,female,0,2653,
382,383,3,male,0,STON/O 2. 3101293,
383,384,1,female,1,113789,
384,385,3,male,0,349227,
385,386,2,male,0,S.O.C. 14879,
386,387,3,male,5,CA 2144,
387,388,2,female,0,27849,
388,389,3,male,0,367655,
389,390,2,female,0,SC 1748,
390,391,1,male,1,113760,B96 B98
391,392,3,male,0,350034,
392,393,3,male,2,3101277,
393,394,1,female,1,35273,D36
394,395,3,female,0,PP 9549,G6
395,396,3,male,0,350052,
396,397,3,female,0,350407,
397,398,2,male,0,28403,
398,399,2,male,0,244278,
399,400,2,female,0,240929,
400,401,3,male,0,STON/O 2. 3101289,
401,402,3,male,0,341826,
402,403,3,female,1,4137,
403,404,3,male,1,STON/O2. 3101279,
404,405,3,female,0,315096,
405,406,2,male,1,28664,
406,407,3,male,0,347064,
407,408,2,male,1,29106,
408,409,3,male,0,312992,
409,410,3,female,3,4133,
410,411,3,male,0,349222,
411,412,3,male,0,394140,
412,413,1,female,1,19928,C78
413,414,2,male,0,239853,
414,415,3,male,0,STON/O 2. 3101269,
415,416,3,female,0,343095,
416,417,2,female,1,28220,
417,418,2,female,0,250652,
418,419,2,male,0,28228,
419,420,3,female,0,345773,
420,421,3,male,0,349254,
421,422,3,male,0,A/5. 13032,
422,423,3,male,0,315082,
423,424,3,female,1,347080,
424,425,3,male,1,370129,
425,426,3,male,0,A/4. 34244,
426,427,2,female,1,2003,
427,428,2,female,0,250655,
428,429,3,male,0,364851,
429,430,3,male,0,SOTON/O.Q. 392078,E10
430,431,1,male,0,110564,C52
431,432,3,female,1,376564,
432,433,2,female,1,SC/AH 3085,
433,434,3,male,0,STON/O 2. 3101274,
434,435,1,male,1,13507,E44
435,436,1,female,1,113760,B96 B98
436,437,3,female,2,W./C. 6608,
437,438,2,female,2,29106,
438,439,1,male,1,19950,C23 C25 C27
439,440,2,male,0,C.A. 18723,
440,441,2,female,1,F.C.C. 13529,
441,442,3,male,0,345769,
442,443,3,male,1,347076,
443,444,2,female,0,230434,
444,445,3,male,0,65306,
445,446,1,male,0,33638,A34
446,447,2,female,0,250644,
447,448,1,male,0,113794,
448,449,3,female,2,2666,
449,450,1,male,0,113786,C104
450,451,2,male,1,C.A. 34651,
451,452,3,male,1,65303,
452,453,1,male,0,113051,C111
453,454,1,male,1,17453,C92
454,455,3,male,0,A/5 2817,
455,456,3,male,0,349240,
456,457,1,male,0,13509,E38
457,458,1,female,1,17464,D21
458,459,2,female,0,F.C.C. 13531,
459,460,3,male,0,371060,
460,461,1,male,0,19952,E12
461,462,3,male,0,364506,
462,463,1,male,0,111320,E63
463,464,2,male,0,234360,
464,465,3,male,0,A/S 2816,
465,466,3,male,0,SOTON/O.Q. 3101306,
466,467,2,male,0,239853,
467,468,1,male,0,113792,
468,469,3,male,0,36209,
469,470,3,female,2,2666,
470,471,3,male,0,323592,
471,472,3,male,0,315089,
472,473,2,female,1,C.A. 34651,
473,474,2,female,0,SC/AH Basle 541,D
474,475,3,female,0,7553,
475,476,1,male,0,110465,A14
476,477,2,male,1,31027,
477,478,3,male,1,3460,
478,479,3,male,0,350060,
479,480,3,female,0,3101298,
480,481,3,male,5,CA 2144,
481,482,2,male,0,239854,
482,483,3,male,0,A/5 3594,
483,484,3,female,0,4134,
484,485,1,male,1,11967,B49
485,486,3,female,3,4133,
486,487,1,female,1,19943,C93
487,488,1,male,0,11771,B37
488,489,3,male,0,A.5. 18509,
489,490,3,male,1,C.A. 37671,
490,491,3,male,1,65304,
491,492,3,male,0,SOTON/OQ 3101317,
492,493,1,male,0,113787,C30
493,494,1,male,0,PC 17609,
494,495,3,male,0,A/4 45380,
495,496,3,male,0,2627,
496,497,1,female,1,36947,D20
497,498,3,male,0,C.A. 6212,
498,499,1,female,1,113781,C22 C26
499,500,3,male,0,350035,
500,501,3,male,0,315086,
501,502,3,female,0,364846,
502,503,3,female,0,330909,
503,504,3,female,0,4135,
504,505,1,female,0,110152,B79
505,506,1,male,1,PC 17758,C65
506,507,2,female,0,26360,
507,508,1,male,0,111427,
508,509,3,male,0,C 4001,
509,510,3,male,0,1601,
510,511,3,male,0,382651,
511,512,3,male,0,SOTON/OQ 3101316,
512,513,1,male,0,PC 17473,E25
513,514,1,female,1,PC 17603,
514,515,3,male,0,349209,
515,516,1,male,0,36967,D46
516,517,2,female,0,C.A. 34260,F33
517,518,3,male,0,371110,
518,519,2,female,1,226875,
519,520,3,male,0,349242,
520,521,1,female,0,12749,B73
521,522,3,male,0,349252,
522,523,3,male,0,2624,
523,524,1,female,0,111361,B18
524,525,3,male,0,2700,
525,526,3,male,0,367232,
526,527,2,female,0,W./C. 14258,
527,528,1,male,0,PC 17483,C95
528,529,3,male,0,3101296,
529,530,2,male,2,29104,
530,531,2,female,1,26360,
531,532,3,male,0,2641,
532,533,3,male,1,2690,
533,534,3,female,0,2668,
534,535,3,female,0,315084,
535,536,2,female,0,F.C.C. 13529,
536,537,1,male,0,113050,B38
537,538,1,female,0,PC 17761,
538,539,3,male,0,364498,
539,540,1,female,0,13568,B39
540,541,1,female,0,WE/P 5735,B22
541,542,3,female,4,347082,
542,543,3,female,4,347082,
543,544,2,male,1,2908,
544,545,1,male,1,PC 17761,C86
545,546,1,male,0,693,
546,547,2,female,1,2908,
547,548,2,male,0,SC/PARIS 2146,
548,549,3,male,1,363291,
549,550,2,male,1,C.A. 33112,
550,551,1,male,0,17421,C70
551,552,2,male,0,244358,
552,553,3,male,0,330979,
553,554,3,male,0,2620,
554,555,3,female,0,347085,
555,556,1,male,0,113807,
556,557,1,female,1,11755,A16
557,558,1,male,0,PC 17757,
558,559,1,female,1,110413,E67
559,560,3,female,1,345572,
560,561,3,male,0,372622,
561,562,3,male,0,349251,
562,563,2,male,0,218629,
563,564,3,male,0,SOTON/OQ 392082,
564,565,3,female,0,SOTON/O.Q. 392087,
565,566,3,male,2,A/4 48871,
566,567,3,male,0,349205,
567,568,3,female,0,349909,
568,569,3,male,0,2686,
569,570,3,male,0,350417,
570,571,2,male,0,S.W./PP 752,
571,572,1,female,2,11769,C101
572,573,1,male,0,PC 17474,E25
573,574,3,female,0,14312,
574,575,3,male,0,A/4. 20589,
575,576,3,male,0,358585,
576,577,2,female,0,243880,
577,578,1,female,1,13507,E44
578,579,3,female,1,2689,
579,580,3,male,0,STON/O 2. 3101286,
580,581,2,female,1,237789,
581,582,1,female,1,17421,C68
582,583,2,male,0,28403,
583,584,1,male,0,13049,A10
584,585,3,male,0,3411,
585,586,1,female,0,110413,E68
586,587,2,male,0,237565,
587,588,1,male,1,13567,B41
588,589,3,male,0,14973,
589,590,3,male,0,A./5. 3235,
590,591,3,male,0,STON/O 2. 3101273,
591,592,1,female,1,36947,D20
592,593,3,male,0,A/5 3902,
593,594,3,female,0,364848,
594,595,2,male,1,SC/AH 29037,
595,596,3,male,1,345773,
596,597,2,female,0,248727,
597,598,3,male,0,LINE,
598,599,3,male,0,2664,
599,600,1,male,1,PC 17485,A20
600,601,2,female,2,243847,
601,602,3,male,0,349214,
602,603,1,male,0,113796,
603,604,3,male,0,364511,
604,605,1,male,0,111426,
605,606,3,male,1,349910,
606,607,3,male,0,349246,
607,608,1,male,0,113804,
608,609,2,female,1,SC/Paris 2123,
609,610,1,female,0,PC 17582,C125
610,611,3,female,1,347082,
611,612,3,male,0,SOTON/O.Q. 3101305,
612,613,3,female,1,367230,
613,614,3,male,0,370377,
614,615,3,male,0,364512,
615,616,2,female,1,220845,
616,617,3,male,1,347080,
617,618,3,female,1,A/5. 3336,
618,619,2,female,2,230136,F4
619,620,2,male,0,31028,
620,621,3,male,1,2659,
621,622,1,male,1,11753,D19
622,623,3,male,1,2653,
623,624,3,male,0,350029,
624,625,3,male,0,54636,
625,626,1,male,0,36963,D50
626,627,2,male,0,219533,
627,628,1,female,0,13502,D9
628,629,3,male,0,349224,
629,630,3,male,0,334912,
630,631,1,male,0,27042,A23
631,632,3,male,0,347743,
632,633,1,male,0,13214,B50
633,634,1,male,0,112052,
634,635,3,female,3,347088,
635,636,2,female,0,237668,
636,637,3,male,0,STON/O 2. 3101292,
637,638,2,male,1,C.A. 31921,
638,639,3,female,0,3101295,
639,640,3,male,1,376564,
640,641,3,male,0,350050,
641,642,1,female,0,PC 17477,B35
642,643,3,female,3,347088,
643,644,3,male,0,1601,
644,645,3,female,2,2666,
645,646,1,male,1,PC 17572,D33
646,647,3,male,0,349231,
647,648,1,male,0,13213,A26
648,649,3,male,0,S.O./P.P. 751,
649,650,3,female,0,CA. 2314,
650,651,3,male,0,349221,
651,652,2,female,0,231919,
652,653,3,male,0,8475,
653,654,3,female,0,330919,
654,655,3,female,0,365226,
655,656,2,male,2,S.O.C. 14879,
656,657,3,male,0,349223,
657,658,3,female,1,364849,
658,659,2,male,0,29751,
659,660,1,male,0,35273,D48
660,661,1,male,2,PC 17611,
661,662,3,male,0,2623,
662,663,1,male,0,5727,E58
663,664,3,male,0,349210,
664,665,3,male,1,STON/O 2. 3101285,
665,666,2,male,2,S.O.C. 14879,
666,667,2,male,0,234686,
667,668,3,male,0,312993,
668,669,3,male,0,A/5 3536,
669,670,1,female,1,19996,C126
670,671,2,female,1,29750,
671,672,1,male,1,F.C. 12750,B71
672,673,2,male,0,C.A. 24580,
673,674,2,male,0,244270,
674,675,2,male,0,239856,
675,676,3,male,0,349912,
676,677,3,male,0,342826,
677,678,3,female,0,4138,
678,679,3,female,1,CA 2144,
679,680,1,male,0,PC 17755,B51 B53 B55
680,681,3,female,0,330935,
681,682,1,male,0,PC 17572,D49
682,683,3,male,0,6563,
683,684,3,male,5,CA 2144,
684,685,2,male,1,29750,
685,686,2,male,1,SC/Paris 2123,
686,687,3,male,4,3101295,
687,688,3,male,0,349228,
688,689,3,male,0,350036,
689,690,1,female,0,24160,B5
690,691,1,male,1,17474,B20
691,692,3,female,0,349256,
692,693,3,male,0,1601,
693,694,3,male,0,2672,
694,695,1,male,0,113800,
695,696,2,male,0,248731,
696,697,3,male,0,363592,
697,698,3,female,0,35852,
698,699,1,male,1,17421,C68
699,700,3,male,0,348121,F G63
700,701,1,female,1,PC 17757,C62 C64
701,702,1,male,0,PC 17475,E24
702,703,3,female,0,2691,
703,704,3,male,0,36864,
704,705,3,male,1,350025,
705,706,2,male,0,250655,
706,707,2,female,0,223596,
707,708,1,male,0,PC 17476,E24
708,709,1,female,0,113781,
709,710,3,male,1,2661,
710,711,1,female,0,PC 17482,C90
711,712,1,male,0,113028,C124
712,713,1,male,1,19996,C126
713,714,3,male,0,7545,
714,715,2,male,0,250647,
715,716,3,male,0,348124,F G73
716,717,1,female,0,PC 17757,C45
717,718,2,female,0,34218,E101
718,719,3,male,0,36568,
719,720,3,male,0,347062,
720,721,2,female,0,248727,
721,722,3,male,1,350048,
722,723,2,male,0,12233,
723,724,2,male,0,250643,
724,725,1,male,1,113806,E8
725,726,3,male,0,315094,
726,727,2,female,3,31027,
727,728,3,female,0,36866,
728,729,2,male,1,236853,
729,730,3,female,1,STON/O2. 3101271,
730,731,1,female,0,24160,B5
731,732,3,male,0,2699,
732,733,2,male,0,239855,
733,734,2,male,0,28425,
734,735,2,male,0,233639,
735,736,3,male,0,54636,
736,737,3,female,1,W./C. 6608,
737,738,1,male,0,PC 17755,B101
738,739,3,male,0,349201,
739,740,3,male,0,349218,
740,741,1,male,0,16988,D45
741,742,1,male,1,19877,C46
742,743,1,female,2,PC 17608,B57 B59 B63 B66
743,744,3,male,1,376566,
744,745,3,male,0,STON/O 2. 3101288,
745,746,1,male,1,WE/P 5735,B22
746,747,3,male,1,C.A. 2673,
747,748,2,female,0,250648,
748,749,1,male,1,113773,D30
749,750,3,male,0,335097,
750,751,2,female,1,29103,
751,752,3,male,0,392096,E121
752,753,3,male,0,345780,
753,754,3,male,0,349204,
754,755,2,female,1,220845,
755,756,2,male,1,250649,
756,757,3,male,0,350042,
757,758,2,male,0,29108,
758,759,3,male,0,363294,
759,760,1,female,0,110152,B77
760,761,3,male,0,358585,
761,762,3,male,0,SOTON/O2 3101272,
762,763,3,male,0,2663,
763,764,1,female,1,113760,B96 B98
764,765,3,male,0,347074,
765,766,1,female,1,13502,D11
766,767,1,male,0,112379,
767,768,3,female,0,364850,
768,769,3,male,1,371110,
769,770,3,male,0,8471,
770,771,3,male,0,345781,
771,772,3,male,0,350047,
772,773,2,female,0,S.O./P.P. 3,E77
773,774,3,male,0,2674,
774,775,2,female,1,29105,
775,776,3,male,0,347078,
776,777,3,male,0,383121,F38
777,778,3,female,0,364516,
778,779,3,male,0,36865,
779,780,1,female,0,24160,B3
780,781,3,female,0,2687,
781,782,1,female,1,17474,B20
782,783,1,male,0,113501,D6
783,784,3,male,1,W./C. 6607,
784,785,3,male,0,SOTON/O.Q. 3101312,
785,786,3,male,0,374887,
786,787,3,female,0,3101265,
787,788,3,male,4,382652,
788,789,3,male,1,C.A. 2315,
789,790,1,male,0,PC 17593,B82 B84
790,791,3,male,0,12460,
791,792,2,male,0,239865,
792,793,3,female,8,CA. 2343,
793,794,1,male,0,PC 17600,
794,795,3,male,0,349203,
795,796,2,male,0,28213,
796,797,1,female,0,17465,D17
797,798,3,female,0,349244,
798,799,3,male,0,2685,
799,800,3,female,1,345773,
800,801,2,male,0,250647,
801,802,2,female,1,C.A. 31921,
802,803,1,male,1,113760,B96 B98
803,804,3,male,0,2625,
804,805,3,male,0,347089,
805,806,3,male,0,347063,
806,807,1,male,0,112050,A36
807,808,3,female,0,347087,
808,809,2,male,0,248723,
809,810,1,female,1,113806,E8
810,811,3,male,0,3474,
811,812,3,male,0,A/4 48871,
812,813,2,male,0,28206,
813,814,3,female,4,347082,
814,815,3,male,0,364499,
815,816,1,male,0,112058,B102
816,817,3,female,0,STON/O2. 3101290,
817,818,2,male,1,S.C./PARIS 2079,
818,819,3,male,0,C 7075,
819,820,3,male,3,347088,
820,821,1,female,1,12749,B69
821,822,3,male,0,315098,
822,823,1,male,0,19972,
823,824,3,female,0,392096,E121
824,825,3,male,4,3101295,
825,826,3,male,0,368323,
826,827,3,male,0,1601,
827,828,2,male,0,S.C./PARIS 2079,
828,829,3,male,0,367228,
829,830,1,female,0,113572,B28
830,831,3,female,1,2659,
831,832,2,male,1,29106,
832,833,3,male,0,2671,
833,834,3,male,0,347468,
834,835,3,male,0,2223,
835,836,1,female,1,PC 17756,E49
836,837,3,male,0,315097,
837,838,3,male,0,392092,
838,839,3,male,0,1601,
839,840,1,male,0,11774,C47
840,841,3,male,0,SOTON/O2 3101287,
841,842,2,male,0,S.O./P.P. 3,
842,843,1,female,0,113798,
843,844,3,male,0,2683,
844,845,3,male,0,315090,
845,846,3,male,0,C.A. 5547,
846,847,3,male,8,CA. 2343,
847,848,3,male,0,349213,
848,849,2,male,0,248727,
849,850,1,female,1,17453,C92
850,851,3,male,4,347082,
851,852,3,male,0,347060,
852,853,3,female,1,2678,
853,854,1,female,0,PC 17592,D28
854,855,2,female,1,244252,
855,856,3,female,0,392091,
856,857,1,female,1,36928,
857,858,1,male,0,113055,E17
858,859,3,female,0,2666,
859,860,3,male,0,2629,
860,861,3,male,2,350026,
861,862,2,male,1,28134,
862,863,1,female,0,17466,D17
863,864,3,female,8,CA. 2343,
864,865,2,male,0,233866,
865,866,2,female,0,236852,
866,867,2,female,1,SC/PARIS 2149,
867,868,1,male,0,PC 17590,A24
868,869,3,male,0,345777,
869,870,3,male,1,347742,
870,871,3,male,0,349248,
871,872,1,female,1,11751,D35
872,873,1,male,0,695,B51 B53 B55
873,874,3,male,0,345765,
874,875,2,female,1,P/PP 3381,
875,876,3,female,0,2667,
876,877,3,male,0,7534,
877,878,3,male,0,349212,
878,879,3,male,0,349217,
879,880,1,female,0,11767,C50
880,881,2,female,0,230433,
881,882,3,male,0,349257,
882,883,3,female,0,7552,
883,884,2,male,0,C.A./SOTON 34068,
884,885,3,male,0,SOTON/OQ 392076,
885,886,3,female,0,382652,
886,887,2,male,0,211536,
887,888,1,female,0,112053,B42
888,889,3,female,1,W./C. 6607,
889,890,1,male,0,111369,C148
890,891,3,male,0,370376,
